ls2,irm,naive,icp
0.9304542779922486,0.6097972631454468,2.6106927156448365,3.10351185798645
0.6010391907335104,0.36627743942912444,0.2649344730847689,2.3252242198610427
