ls2,irm,naive,icp
1.130663013458252,0.7028092622756958,2.53977518081665,2.847009301185608
1.0045142618743526,0.8605080461789208,0.23828943749572287,1.9737577900601921
