ls2,irm,naive,icp
1.1005577564239502,0.6094389915466308,2.376667094230652,2.112580919265747
0.7349478198364889,0.5168643023342602,0.29446198601249685,2.361864024943729
