ls2,irm,naive,icp
1.0874520778656005,0.599255633354187,2.5146713733673094,4.044817304611206
0.7528228482434887,0.5368063139311106,0.16501141443233083,1.911104966246581
