ls2,irm,naive,icp
0.10093879699707031,0.18147311210632325,2.5856990098953245,4.508951473236084
0.06555075125630747,0.06923358730781909,0.23828970072369554,1.4731455802917484
