ls2,irm,naive,icp
0.09034428596496583,0.17059097290039063,2.6113956451416014,1.0879064559936524
0.08939151675965688,0.12167063273731815,0.10661802983584479,1.9600141614368576
