ls2,irm,naive,icp
0.0797534465789795,0.19634952545166015,2.3895841360092165,1.554920244216919
0.019158160147730384,0.10815162422953754,0.16226846869882391,2.2556361234000626
