ls2,irm,naive,icp
0.09694485664367676,0.11011505126953125,2.552780878543854,2.593391513824463
0.07466714479002888,0.0857660183821745,0.2819630608034446,2.4082481153445463
