ls2,irm,naive,icp
0.7446621417999267,0.4534571170806885,2.4887327671051027,2.5859774589538573
0.48393726388653946,0.3161108855015986,0.21788185642793165,2.4146672581229205
