ls2,irm,naive,icp
0.9091574907302856,0.5885056018829345,2.4174924373626707,2.218082857131958
0.5134975307850057,0.3492451172598832,0.24506375727842358,2.291693359693628
