ls2,irm,naive,icp
0.7496291875839234,0.39565153121948243,2.4324214220047,4.0229230403900145
0.4562606451974828,0.40065023357849255,0.17467630740561105,1.9542632864683662
