ls2,irm,naive,icp
0.8035091638565064,0.3608736991882324,2.5496931791305544,3.6466028451919557
0.310822351090943,0.2070041616463778,0.2494044995562603,2.086680530991662
